wt_pdb,mut_pdb,pred_score,true_label
1FFW.pdb,1FFW_AA89V_fwd.pdb,2.3245017528533936,-0.09000000357627869
1FFW.pdb,1FFW_DA12K_fwd.pdb,-0.30249467492103577,-0.05000000074505806
1FFW.pdb,1FFW_EA116K_fwd.pdb,-1.3541241884231567,-0.7099999785423279
1FFW.pdb,1FFW_EA92K_fwd.pdb,0.013195110484957695,-0.8199999928474426
1FFW.pdb,1FFW_FA110V_fwd.pdb,-1.2949597835540771,-1.2599999904632568
1FFW.pdb,1FFW_TA111I_fwd.pdb,-0.5128684639930725,-0.5600000023841858
1FFW.pdb,1FFW_TA86I_fwd.pdb,-0.19985155761241913,0.3199999928474426
1FFW.pdb,1FFW_VA107M_fwd.pdb,0.03498862311244011,-1.1299999952316284
1FFW.pdb,1FFW_YA105W_fwd.pdb,-0.8232022523880005,-0.7099999785423279
1YY9.pdb,1YY9_NH56A_fwd.pdb,0.0796646773815155,0.05999999865889549
1YY9.pdb,1YY9_TH61E_fwd.pdb,-0.49045413732528687,0.05999999865889549
1YY9.pdb,1YY9_NL93A_fwd.pdb,-1.1822447776794434,0.7400000095367432
1YY9.pdb,1YY9_SL26D_fwd.pdb,0.46816694736480713,0.20000000298023224
1YY9.pdb,1YY9_TL31E_fwd.pdb,-0.2563157081604004,0.5199999809265137
HM_1YY9.pdb,HM_1YY9_AH98W_fwd.pdb,-0.7780507802963257,0.23000000417232513
HM_1YY9.pdb,HM_1YY9_GH33D_fwd.pdb,0.0912715494632721,0.8899999856948853
HM_1YY9.pdb,HM_1YY9_IH51G_fwd.pdb,-0.3773450255393982,0.5099999904632568
HM_1YY9.pdb,HM_1YY9_RH97D_fwd.pdb,0.3447999060153961,0.9900000095367432
HM_1YY9.pdb,HM_1YY9_TH100Y_fwd.pdb,0.5164833068847656,0.44999998807907104
HM_1YY9.pdb,HM_1YY9_TH57G_fwd.pdb,-1.3103173971176147,0.46000000834465027
HM_1YY9.pdb,HM_1YY9_TH57P_fwd.pdb,-0.22735095024108887,0.47999998927116394
HM_1YY9.pdb,HM_1YY9_VH50L_fwd.pdb,0.20266704261302948,0.6000000238418579
HM_1YY9.pdb,HM_1YY9_VH50Q_fwd.pdb,0.4931352436542511,0.6399999856948853
HM_1YY9.pdb,HM_1YY9_YH32R_fwd.pdb,-0.14509627223014832,0.12999999523162842
HM_1YY9.pdb,HM_1YY9_AL25V_fwd.pdb,0.238471120595932,0.6200000047683716
HM_1YY9.pdb,HM_1YY9_GL30Y_fwd.pdb,1.6181639432907104,0.9200000166893005
HM_1YY9.pdb,HM_1YY9_QL27Y_fwd.pdb,-0.46129748225212097,0.8299999833106995
HM_1YY9.pdb,HM_1YY9_TL97C_fwd.pdb,0.5807784795761108,0.5099999904632568
HM_1YY9.pdb,HM_1YY9_TL97D_fwd.pdb,0.060834527015686035,0.6600000262260437
HM_1YY9.pdb,HM_1YY9_TL97S_fwd.pdb,0.2568005621433258,0.699999988079071
