wt_pdb,mut_pdb,pred_score,true_label
1JRH.pdb,1JRH_EI35Q_fwd.pdb,-0.7719135284423828,-0.10999999940395355
1JRH.pdb,1JRH_TI4V_fwd.pdb,-0.16754963994026184,0.019999999552965164
3HFM.pdb,3HFM_CH95A_fwd.pdb,-0.6966316103935242,-5.519999980926514
3HFM.pdb,3HFM_CH95F_fwd.pdb,0.3007451295852661,-3.25
3HFM.pdb,3HFM_DH32A_fwd.pdb,-0.14388123154640198,-1.899999976158142
3HFM.pdb,3HFM_DH32N_fwd.pdb,-0.4671279191970825,-0.17000000178813934
3HFM.pdb,3HFM_SH31A_fwd.pdb,-0.4651385545730591,-0.17000000178813934
3HFM.pdb,3HFM_YH33A_fwd.pdb,-1.5345277786254883,-6.0
3HFM.pdb,3HFM_YH50A_fwd.pdb,-1.5612103939056396,-8.0
3HFM.pdb,3HFM_NL31A_fwd.pdb,-0.4487192928791046,-5.21999979019165
3HFM.pdb,3HFM_NL31D_fwd.pdb,0.28846824169158936,-1.340000033378601
3HFM.pdb,3HFM_NL31E_fwd.pdb,-0.1532982438802719,-5.670000076293945
3HFM.pdb,3HFM_NL32A_fwd.pdb,0.5037227272987366,-5.110000133514404
3HFM.pdb,3HFM_QL53A_fwd.pdb,-1.0996205806732178,-0.949999988079071
3HFM.pdb,3HFM_YL50A_fwd.pdb,-0.7422141432762146,-4.570000171661377
3HFM.pdb,3HFM_YL50F_fwd.pdb,0.5316641330718994,-2.359999895095825
3HFM.pdb,3HFM_YL50L_fwd.pdb,-0.26898714900016785,-4.400000095367432
3HFM.pdb,3HFM_YL96A_fwd.pdb,-1.489134430885315,-2.7100000381469727
3HFM.pdb,3HFM_YL96F_fwd.pdb,-0.5116005539894104,-1.399999976158142
3HFM.pdb,3HFM_KY96A_fwd.pdb,-2.917914390563965,-6.829999923706055
3HFM.pdb,3HFM_KY97A_fwd.pdb,-0.45616939663887024,-6.179999828338623
3HFM.pdb,3HFM_KY97M_fwd.pdb,-0.15567323565483093,-1.090000033378601
3HFM.pdb,3HFM_RY21A_fwd.pdb,-3.082901954650879,-1.0299999713897705
3HFM.pdb,3HFM_YY20A_fwd.pdb,-1.002627968788147,-4.869999885559082
3NGB.pdb,3NGB_AH57G_fwd.pdb,-0.04009710252285004,0.05999999865889549
3NGB.pdb,3NGB_GH55S_fwd.pdb,-0.22730311751365662,-0.7300000190734863
3NGB.pdb,3NGB_IH30T_fwd.pdb,0.5332233905792236,-0.07999999821186066
3NGB.pdb,3NGB_KH52N_fwd.pdb,-0.42062434554100037,-0.18000000715255737
3NGB.pdb,3NGB_PH63K_fwd.pdb,-0.5351749062538147,-0.23000000417232513
3NGB.pdb,3NGB_RH54N_fwd.pdb,0.118672676384449,-0.05000000074505806
3NGB.pdb,3NGB_RH62Q_fwd.pdb,-1.1287397146224976,-0.10000000149011612
3NGB.pdb,3NGB_TH33Y_fwd.pdb,-0.13106484711170197,-0.07999999821186066
3NGB.pdb,3NGB_VH58T_fwd.pdb,-0.006641313433647156,-0.14000000059604645
3NGB.pdb,3NGB_VH74T_fwd.pdb,-0.5969345569610596,-0.1599999964237213
3NGB.pdb,3NGB_YH75S_fwd.pdb,0.6655296683311462,-0.33000001311302185
