wt_pdb,mut_pdb,pred_score,true_label
1YY9.pdb,1YY9_NH56A_fwd.pdb,-0.5589771866798401,0.05999999865889549
1YY9.pdb,1YY9_TH61E_fwd.pdb,-0.1955825537443161,0.05999999865889549
1YY9.pdb,1YY9_NL93A_fwd.pdb,-0.8053438067436218,0.7400000095367432
1YY9.pdb,1YY9_SL26D_fwd.pdb,0.5952630639076233,0.20000000298023224
1YY9.pdb,1YY9_TL31E_fwd.pdb,-0.5192663073539734,0.5199999809265137
HM_1YY9.pdb,HM_1YY9_AH98W_fwd.pdb,2.4638888835906982,0.23000000417232513
HM_1YY9.pdb,HM_1YY9_GH33D_fwd.pdb,0.8076939582824707,0.8899999856948853
HM_1YY9.pdb,HM_1YY9_IH51G_fwd.pdb,0.30250799655914307,0.5099999904632568
HM_1YY9.pdb,HM_1YY9_RH97D_fwd.pdb,-0.7636680006980896,0.9900000095367432
HM_1YY9.pdb,HM_1YY9_TH100Y_fwd.pdb,0.4079074263572693,0.44999998807907104
HM_1YY9.pdb,HM_1YY9_TH57G_fwd.pdb,-1.0128748416900635,0.46000000834465027
HM_1YY9.pdb,HM_1YY9_TH57P_fwd.pdb,-0.987619161605835,0.47999998927116394
HM_1YY9.pdb,HM_1YY9_VH50L_fwd.pdb,0.3015117943286896,0.6000000238418579
HM_1YY9.pdb,HM_1YY9_VH50Q_fwd.pdb,1.6552945375442505,0.6399999856948853
HM_1YY9.pdb,HM_1YY9_YH32R_fwd.pdb,-0.6460253596305847,0.12999999523162842
HM_1YY9.pdb,HM_1YY9_AL25V_fwd.pdb,0.19884085655212402,0.6200000047683716
HM_1YY9.pdb,HM_1YY9_GL30Y_fwd.pdb,0.8292590379714966,0.9200000166893005
HM_1YY9.pdb,HM_1YY9_QL27Y_fwd.pdb,1.4988150596618652,0.8299999833106995
HM_1YY9.pdb,HM_1YY9_TL97C_fwd.pdb,0.1671990603208542,0.5099999904632568
HM_1YY9.pdb,HM_1YY9_TL97D_fwd.pdb,0.27622315287590027,0.6600000262260437
HM_1YY9.pdb,HM_1YY9_TL97S_fwd.pdb,0.09739942103624344,0.699999988079071
