wt_pdb,mut_pdb,pred_score,true_label
1YY9.pdb,1YY9_NH56A_fwd.pdb,-0.7679935097694397,0.05999999865889549
1YY9.pdb,1YY9_TH61E_fwd.pdb,-0.38313162326812744,0.05999999865889549
1YY9.pdb,1YY9_NL93A_fwd.pdb,-0.6099386215209961,0.7400000095367432
1YY9.pdb,1YY9_SL26D_fwd.pdb,-0.64930260181427,0.20000000298023224
1YY9.pdb,1YY9_TL31E_fwd.pdb,-0.25665849447250366,0.5199999809265137
HM_1YY9.pdb,HM_1YY9_AH98W_fwd.pdb,-0.2008003294467926,0.23000000417232513
HM_1YY9.pdb,HM_1YY9_GH33D_fwd.pdb,-0.6534359455108643,0.8899999856948853
HM_1YY9.pdb,HM_1YY9_IH51G_fwd.pdb,-1.3307384252548218,0.5099999904632568
HM_1YY9.pdb,HM_1YY9_RH97D_fwd.pdb,-1.3259284496307373,0.9900000095367432
HM_1YY9.pdb,HM_1YY9_TH100Y_fwd.pdb,-0.3484467566013336,0.44999998807907104
HM_1YY9.pdb,HM_1YY9_TH57G_fwd.pdb,-1.6479694843292236,0.46000000834465027
HM_1YY9.pdb,HM_1YY9_TH57P_fwd.pdb,-1.5172488689422607,0.47999998927116394
HM_1YY9.pdb,HM_1YY9_VH50L_fwd.pdb,1.285344123840332,0.6000000238418579
HM_1YY9.pdb,HM_1YY9_VH50Q_fwd.pdb,0.7464637160301208,0.6399999856948853
HM_1YY9.pdb,HM_1YY9_YH32R_fwd.pdb,-0.10685914754867554,0.12999999523162842
HM_1YY9.pdb,HM_1YY9_AL25V_fwd.pdb,-0.9916491508483887,0.6200000047683716
HM_1YY9.pdb,HM_1YY9_GL30Y_fwd.pdb,-1.977602481842041,0.9200000166893005
HM_1YY9.pdb,HM_1YY9_QL27Y_fwd.pdb,-0.4312208294868469,0.8299999833106995
HM_1YY9.pdb,HM_1YY9_TL97C_fwd.pdb,-0.6384487152099609,0.5099999904632568
HM_1YY9.pdb,HM_1YY9_TL97D_fwd.pdb,-1.1457915306091309,0.6600000262260437
HM_1YY9.pdb,HM_1YY9_TL97S_fwd.pdb,-0.8252692818641663,0.699999988079071
