wt_pdb,mut_pdb,pred_score,true_label
1YY9.pdb,1YY9_NH56A_fwd.pdb,-0.0075950026512146,0.05999999865889549
1YY9.pdb,1YY9_TH61E_fwd.pdb,-1.0018267631530762,0.05999999865889549
1YY9.pdb,1YY9_NL93A_fwd.pdb,-1.60582435131073,0.7400000095367432
1YY9.pdb,1YY9_SL26D_fwd.pdb,-3.127349376678467,0.20000000298023224
1YY9.pdb,1YY9_TL31E_fwd.pdb,-0.7473716735839844,0.5199999809265137
HM_1YY9.pdb,HM_1YY9_AH98W_fwd.pdb,-0.3481076657772064,0.23000000417232513
HM_1YY9.pdb,HM_1YY9_GH33D_fwd.pdb,-0.36279138922691345,0.8899999856948853
HM_1YY9.pdb,HM_1YY9_IH51G_fwd.pdb,-1.1511814594268799,0.5099999904632568
HM_1YY9.pdb,HM_1YY9_RH97D_fwd.pdb,0.050213515758514404,0.9900000095367432
HM_1YY9.pdb,HM_1YY9_TH100Y_fwd.pdb,-0.8532511591911316,0.44999998807907104
HM_1YY9.pdb,HM_1YY9_TH57G_fwd.pdb,-0.8564710021018982,0.46000000834465027
HM_1YY9.pdb,HM_1YY9_TH57P_fwd.pdb,-1.3305985927581787,0.47999998927116394
HM_1YY9.pdb,HM_1YY9_VH50L_fwd.pdb,1.5135408639907837,0.6000000238418579
HM_1YY9.pdb,HM_1YY9_VH50Q_fwd.pdb,0.6601933240890503,0.6399999856948853
HM_1YY9.pdb,HM_1YY9_YH32R_fwd.pdb,-3.3030447959899902,0.12999999523162842
HM_1YY9.pdb,HM_1YY9_AL25V_fwd.pdb,-1.1878076791763306,0.6200000047683716
HM_1YY9.pdb,HM_1YY9_GL30Y_fwd.pdb,-1.2772772312164307,0.9200000166893005
HM_1YY9.pdb,HM_1YY9_QL27Y_fwd.pdb,-0.23964521288871765,0.8299999833106995
HM_1YY9.pdb,HM_1YY9_TL97C_fwd.pdb,-0.3384386897087097,0.5099999904632568
HM_1YY9.pdb,HM_1YY9_TL97D_fwd.pdb,-1.492616057395935,0.6600000262260437
HM_1YY9.pdb,HM_1YY9_TL97S_fwd.pdb,-0.07441872358322144,0.699999988079071
