wt_pdb,mut_pdb,pred_score,true_label
1YY9.pdb,1YY9_NH56A_fwd.pdb,-0.8547185063362122,0.05999999865889549
1YY9.pdb,1YY9_TH61E_fwd.pdb,-0.9983916282653809,0.05999999865889549
1YY9.pdb,1YY9_NL93A_fwd.pdb,-0.7424963712692261,0.7400000095367432
1YY9.pdb,1YY9_SL26D_fwd.pdb,-0.767170250415802,0.20000000298023224
1YY9.pdb,1YY9_TL31E_fwd.pdb,-0.6024821400642395,0.5199999809265137
HM_1YY9.pdb,HM_1YY9_AH98W_fwd.pdb,0.749659538269043,0.23000000417232513
HM_1YY9.pdb,HM_1YY9_GH33D_fwd.pdb,-0.34119054675102234,0.8899999856948853
HM_1YY9.pdb,HM_1YY9_IH51G_fwd.pdb,-0.9296271800994873,0.5099999904632568
HM_1YY9.pdb,HM_1YY9_RH97D_fwd.pdb,-0.9966157674789429,0.9900000095367432
HM_1YY9.pdb,HM_1YY9_TH100Y_fwd.pdb,-0.23169174790382385,0.44999998807907104
HM_1YY9.pdb,HM_1YY9_TH57G_fwd.pdb,-1.0323295593261719,0.46000000834465027
HM_1YY9.pdb,HM_1YY9_TH57P_fwd.pdb,-1.1090466976165771,0.47999998927116394
HM_1YY9.pdb,HM_1YY9_VH50L_fwd.pdb,-0.647803544998169,0.6000000238418579
HM_1YY9.pdb,HM_1YY9_VH50Q_fwd.pdb,-0.537908673286438,0.6399999856948853
HM_1YY9.pdb,HM_1YY9_YH32R_fwd.pdb,-0.8469250202178955,0.12999999523162842
HM_1YY9.pdb,HM_1YY9_AL25V_fwd.pdb,-0.41051891446113586,0.6200000047683716
HM_1YY9.pdb,HM_1YY9_GL30Y_fwd.pdb,-0.6383333802223206,0.9200000166893005
HM_1YY9.pdb,HM_1YY9_QL27Y_fwd.pdb,-1.0911109447479248,0.8299999833106995
HM_1YY9.pdb,HM_1YY9_TL97C_fwd.pdb,-0.7850152850151062,0.5099999904632568
HM_1YY9.pdb,HM_1YY9_TL97D_fwd.pdb,-0.7198486924171448,0.6600000262260437
HM_1YY9.pdb,HM_1YY9_TL97S_fwd.pdb,-0.8524295091629028,0.699999988079071
