wt_pdb,mut_pdb,pred_score,true_label
1YY9.pdb,1YY9_NH56A_fwd.pdb,-0.8275325298309326,0.05999999865889549
1YY9.pdb,1YY9_TH61E_fwd.pdb,-0.5682500004768372,0.05999999865889549
1YY9.pdb,1YY9_NL93A_fwd.pdb,-1.5086489915847778,0.7400000095367432
1YY9.pdb,1YY9_SL26D_fwd.pdb,-0.09010487794876099,0.20000000298023224
1YY9.pdb,1YY9_TL31E_fwd.pdb,-0.8021641969680786,0.5199999809265137
HM_1YY9.pdb,HM_1YY9_AH98W_fwd.pdb,-0.4386260211467743,0.23000000417232513
HM_1YY9.pdb,HM_1YY9_GH33D_fwd.pdb,-0.6940335631370544,0.8899999856948853
HM_1YY9.pdb,HM_1YY9_IH51G_fwd.pdb,0.24370288848876953,0.5099999904632568
HM_1YY9.pdb,HM_1YY9_RH97D_fwd.pdb,-0.8026851415634155,0.9900000095367432
HM_1YY9.pdb,HM_1YY9_TH100Y_fwd.pdb,-0.6463017463684082,0.44999998807907104
HM_1YY9.pdb,HM_1YY9_TH57G_fwd.pdb,-0.5313675403594971,0.46000000834465027
HM_1YY9.pdb,HM_1YY9_TH57P_fwd.pdb,-0.7984641790390015,0.47999998927116394
HM_1YY9.pdb,HM_1YY9_VH50L_fwd.pdb,-0.3612978458404541,0.6000000238418579
HM_1YY9.pdb,HM_1YY9_VH50Q_fwd.pdb,0.03250706195831299,0.6399999856948853
HM_1YY9.pdb,HM_1YY9_YH32R_fwd.pdb,-0.14567318558692932,0.12999999523162842
HM_1YY9.pdb,HM_1YY9_AL25V_fwd.pdb,-0.7723121643066406,0.6200000047683716
HM_1YY9.pdb,HM_1YY9_GL30Y_fwd.pdb,-0.7703539729118347,0.9200000166893005
HM_1YY9.pdb,HM_1YY9_QL27Y_fwd.pdb,0.5091400742530823,0.8299999833106995
HM_1YY9.pdb,HM_1YY9_TL97C_fwd.pdb,-0.325412392616272,0.5099999904632568
HM_1YY9.pdb,HM_1YY9_TL97D_fwd.pdb,-0.2924495339393616,0.6600000262260437
HM_1YY9.pdb,HM_1YY9_TL97S_fwd.pdb,-0.35730382800102234,0.699999988079071
