wt_pdb,mut_pdb,pred_score,true_label
1YY9.pdb,1YY9_NH56A_fwd.pdb,-0.6336221694946289,0.05999999865889549
1YY9.pdb,1YY9_TH61E_fwd.pdb,-0.5803835391998291,0.05999999865889549
1YY9.pdb,1YY9_NL93A_fwd.pdb,-0.406114786863327,0.7400000095367432
1YY9.pdb,1YY9_SL26D_fwd.pdb,0.053754061460494995,0.20000000298023224
1YY9.pdb,1YY9_TL31E_fwd.pdb,-0.03593992441892624,0.5199999809265137
HM_1YY9.pdb,HM_1YY9_AH98W_fwd.pdb,1.3689638376235962,0.23000000417232513
HM_1YY9.pdb,HM_1YY9_GH33D_fwd.pdb,0.0010638181120157242,0.8899999856948853
HM_1YY9.pdb,HM_1YY9_IH51G_fwd.pdb,0.11943309754133224,0.5099999904632568
HM_1YY9.pdb,HM_1YY9_RH97D_fwd.pdb,-1.7980949878692627,0.9900000095367432
HM_1YY9.pdb,HM_1YY9_TH100Y_fwd.pdb,0.8024345636367798,0.44999998807907104
HM_1YY9.pdb,HM_1YY9_TH57G_fwd.pdb,-1.254428744316101,0.46000000834465027
HM_1YY9.pdb,HM_1YY9_TH57P_fwd.pdb,-1.0974315404891968,0.47999998927116394
HM_1YY9.pdb,HM_1YY9_VH50L_fwd.pdb,0.009065993130207062,0.6000000238418579
HM_1YY9.pdb,HM_1YY9_VH50Q_fwd.pdb,-0.17953383922576904,0.6399999856948853
HM_1YY9.pdb,HM_1YY9_YH32R_fwd.pdb,0.38929542899131775,0.12999999523162842
HM_1YY9.pdb,HM_1YY9_AL25V_fwd.pdb,0.5709510445594788,0.6200000047683716
HM_1YY9.pdb,HM_1YY9_GL30Y_fwd.pdb,0.21263723075389862,0.9200000166893005
HM_1YY9.pdb,HM_1YY9_QL27Y_fwd.pdb,1.4857691526412964,0.8299999833106995
HM_1YY9.pdb,HM_1YY9_TL97C_fwd.pdb,-0.3101980686187744,0.5099999904632568
HM_1YY9.pdb,HM_1YY9_TL97D_fwd.pdb,0.7443445920944214,0.6600000262260437
HM_1YY9.pdb,HM_1YY9_TL97S_fwd.pdb,0.13113079965114594,0.699999988079071
