wt_pdb,mut_pdb,pred_score,true_label
1YY9.pdb,1YY9_NH56A_fwd.pdb,-0.23691287636756897,0.05999999865889549
1YY9.pdb,1YY9_TH61E_fwd.pdb,-1.581756353378296,0.05999999865889549
1YY9.pdb,1YY9_NL93A_fwd.pdb,-0.5471452474594116,0.7400000095367432
1YY9.pdb,1YY9_SL26D_fwd.pdb,-1.1751010417938232,0.20000000298023224
1YY9.pdb,1YY9_TL31E_fwd.pdb,-0.7482815980911255,0.5199999809265137
HM_1YY9.pdb,HM_1YY9_AH98W_fwd.pdb,1.8370909690856934,0.23000000417232513
HM_1YY9.pdb,HM_1YY9_GH33D_fwd.pdb,1.084765911102295,0.8899999856948853
HM_1YY9.pdb,HM_1YY9_IH51G_fwd.pdb,0.25999516248703003,0.5099999904632568
HM_1YY9.pdb,HM_1YY9_RH97D_fwd.pdb,-1.8860453367233276,0.9900000095367432
HM_1YY9.pdb,HM_1YY9_TH100Y_fwd.pdb,-0.27044108510017395,0.44999998807907104
HM_1YY9.pdb,HM_1YY9_TH57G_fwd.pdb,-0.8807976245880127,0.46000000834465027
HM_1YY9.pdb,HM_1YY9_TH57P_fwd.pdb,-0.7282061576843262,0.47999998927116394
HM_1YY9.pdb,HM_1YY9_VH50L_fwd.pdb,0.8885111808776855,0.6000000238418579
HM_1YY9.pdb,HM_1YY9_VH50Q_fwd.pdb,0.20917877554893494,0.6399999856948853
HM_1YY9.pdb,HM_1YY9_YH32R_fwd.pdb,-0.8525391817092896,0.12999999523162842
HM_1YY9.pdb,HM_1YY9_AL25V_fwd.pdb,0.6267449259757996,0.6200000047683716
HM_1YY9.pdb,HM_1YY9_GL30Y_fwd.pdb,0.44302499294281006,0.9200000166893005
HM_1YY9.pdb,HM_1YY9_QL27Y_fwd.pdb,3.984044075012207,0.8299999833106995
HM_1YY9.pdb,HM_1YY9_TL97C_fwd.pdb,0.6500710844993591,0.5099999904632568
HM_1YY9.pdb,HM_1YY9_TL97D_fwd.pdb,0.2852797210216522,0.6600000262260437
HM_1YY9.pdb,HM_1YY9_TL97S_fwd.pdb,1.083325982093811,0.699999988079071
